0,QmeBbLAaVygtRUhEvbDjSPEkfmZdoy54u1JBDR1HPJo2D4
1,QmbvMaNtr8nEs5oFpDpvitjw5CttHuffYAkKDHEVc3ZAq2
2,QmcnjnaedDGDQ7uSkzA2dRet9S8PPBhow5bDLyEZqbG8fB
3,Qmcyw8Vn3uHgaZh7AEF718AQzFSykAkMLuyzTaKCLQdW4M
4,QmTzt5W8HCG9QzN39H4SgsC8ncxP95h4KUPbPS4qfVKMiA
5,QmcLusiDifna6V21791LJXfxUpUvcdSvXy5aXBQpCHXSkL
6,QmS34goumJXEFZEc759NShV1oxJaDUmE1qbATsGBEjriFa
7,QmRLcVg5yjiAcYShqBsipGxb1tLYS66zBNGYWBVKtmTgrz
8,QmbwsexTkfdZqz4DrYf2T4AUmtKkQS2zGQdovUkyRPqDpg
9,QmSxVZnqXv1bz88onyyGNz4xFjE8VCRZcfLJZjUM2WM5Dq
10,Qmb6chtVdFV48NSX7NcvrZUxFtjVnw4ZxsammxuUY64uT5
11,Qmf1PyrfDzVrC3LAwhPr8uPtPV3KNbbUsd5ZeAayCSkPbC
12,QmQhKXysbpznqeHUZhmvmCtHX9aWFk2pE2XRKAdFDWDrFY
13,Qmc8WCsnFocs92JsFmd1FAca2WtjSoGAWYfPfWfNEjDFA6
14,QmTRydNpTNEd8qrduf2cbcvWqnFf2EWLNUVG4D5GsvLU6A
15,QmVVjrT2hsDrNAWNV9rqHR69yaJJu7wuv7BBMJb1FC6bFy
16,QmcYUfrnQtqkSH1xCMyAKQdoXzwQuCEuqHeDE3zyuyJQuc
17,QmVV7T4CBKPnWF6Diwf7rhBYpyBgBSx9ea6MzeofEgjvKH
18,QmUzdqreJReeXzNTeN3vy2nVmCSVv3VKMjFESFBog7HhAG
19,QmQDYJKoFe1gCDcg5Zw7tc33q7BzkzFjk3E8NamMxWxuZ9
20,QmeTTpvYBLMeamjgHPp6hmxX37CiAYbh2Kh8sgGBYLd8VC
21,QmZCRJPbzJR3FEwVQLQesey77oPHwcNCB7Z7Az1NFu3Qff
22,QmU8Yx7n4WtVnGSWuCPjMaGUBprDiVQEtxqWgfE8Et7e95
23,QmTbzYqWAR1vbMY2hwGuLi8dN5orFD3vNLraX4okLAGWzB
24,QmPT6rf1p8cWiqvntvuJ1Ftvuv4HmEZM46qSiarxY8EHKb
25,QmPTa2439MvtS4EGgQzHen6aGg1uCDE9ECZMPmL3TEaEAH
26,QmWpwKj3S7LTYqecRV4EttK8D2z661Yu7C5osx3YfQQ57A
27,QmSYtXwtHZfL12wzGvW5ygiUzE8eEcwyKkZ3pbdnhhTea5
28,QmbaZyC7d7UuZtpEcBq3kzxUVTYntCmUijsQyLvheFxTik
29,QmWdKshPFgACF6ChFr7my2rw2TzVdDzvJLF2RbEHVXHsjV
30,QmYP3eJVVw836AQ2zDdTu6dsGcJ7prZKCdtFN3L1etfvzL
31,QmcuY4R9ourc1NEMiqGMSShFFyYNzoPgrbikREHBiEWpmE
32,QmRz2tkRkL3bA5Vc52PkFu234jwdTJUukUpqAQJ9kAcdFg
33,QmaxC47g7swnGFPT4uK2verg7nKEFvSaD3PnHtq42ADnQi
34,QmaxC47g7swnGFPT4uK2verg7nKEFvSaD3PnHtq42ADnQi
35,QmaCoyWm6ptfnFnTDfF9uLdaR8WK5NuzXoK4jXD7dRMg1s
36,QmRby7AQGCoXENdZFJWm1PMs18e8nZzaE5wEHTDg3MXtDi
37,QmRiB9a6tk4BUwJLM1RN9Rn3wnkCDWeMsmLabCpKHpGtK4
38,QmZfCBqZpUyTVNGVJJnjUL3Hy2TxZyfFB18M4T16NQuHvS
39,Qmdput6igmrq6HJNvpWudMp3kDVNKfock7U4rqFPvRxe1N
40,QmewmehFQSj5voPP468WSqUa8QkkxStMLKMFet7cHMZT3n
41,QmYadqGqqfNmJiVwjDLF11d4wv1W61qrkrxA6kps5QbMCQ
42,QmVAnezDykCgk2EvYMBcnNGQznEWSXgLFC1PUvZA5NTiyX
43,QmX3kugYsvWT4zmTrqxFur142f7dyybUNq3mrkSDxhMGLv
44,QmUpKQEfzkQmS4pGUN1Hi52BTbs6R4iPHk3F9rqQ6ms2qM
45,QmTtdoAZ37xCMEqdtLHM9qZUC8bap5g9WNyxv9C4uaEp8Q
46,QmYbvLEXdBP9td4ceaCeLc72MWwXxphc3zyT2ZG5UESycU
47,QmS1mLqGhmSxNCeLqZugGAacdz4TheHV5uDFYJwYrf3Fpm
48,QmfAibbGTW8QUv9WgWpzntr1GSznrb3iWSPx553hUipw6f
49,QmW3H92yvk2nXP5J7AqeVWQWAKf5eAnMBkRA4aAGGzxj9K
50,QmY78vnspKQdhXY21WUa5132t5C82KdncJDAFWUrW9aP3u
51,QmcpixSBhWgYZg5DBVeAWgKXdteEXR3DueyjpLizSt1izt
52,QmaZhvj7zvioFEwYMhxoLV3vP3j8zs1exHdxA7exnWGrcx
53,QmZzkmWxhj9YUy1HPxe3b7aZ3XbQ3TCdn88VsvJa8CCBRE
54,QmdWCRr3gr5vu8XqKZv8y1VBARPVNzqHqHP2cZHir9dXeP
55,QmUYfcaoWvoLs494edapGKvLN8tPpKaiY4AWVBZWuGomSZ
56,QmUbXVd5rAt2jwxcALMn9x9U5yXtvZDpdreKXL9T65Nh9y
57,QmbiT6YYeWgfopND7ff1J3yDbTrNWJJWPjYQzXDCZ9YyY2
58,Qmd8oHTYhPzjZ9MSBx8b983oYevRRo45ar7v3sLmanumM9
59,QmZkdYHVc8E81C56hvPg37ooULoyMECDTcx14tCQmYSxHH
60,QmcTwHzoX9vKbBv4q1qjrpG7ampfLS1eWnVUZxTTJTrHzH
61,QmXmkGqncbhEGjynFLqpxwcbzQY9tAq6xRse6mV4K5VxF9
62,QmfCZ1ZSfqKMfLxxoCAYGNNVQTuAgUM5QmhDzug7AL9kNE
63,QmaWNmMer9oy1zcFHyb7Fodg4QkNFUNZtUSn5WyUew9ZzM
64,QmZQy6QBTxN4us3Bk4cQeVR2RnPxrVNm8VbJoETJ7mdEeA
65,QmPZ16QPnn1MKz7QFkzW6RA1DNZNoXscNzPcwko6YwV3yE
66,QmY2kNC398Zv8HqnuDfabY5nBYg2MkiNSLX2aoSDJ6y2UC
67,Qmcq5ybRssmqcQp1roUpTX4hAj3qgfTHymcxfDe2tBPQgj
68,QmRUMGM2s1cQa2Q8evfUMhkNmyhNDRCy8iygSfSKuED2TW
69,QmardzipWddkyqmSczqA55NvSVjALQZW3BmoD31jbnFHyK
70,Qma9PwpNX3ZbBPPGSyosANAiiSKMwWf8UrmSsNEhNo98c8
71,QmfVxFGSMZQVWqcERkoih5wdRQdqMYQhDyVL2xNiH3cztW
72,Qmd1VqBAgqSS481TvMZfyP8iQbPgWtKdsyfCjKHtzSeYJR
73,QmZqXkjD9gVtqoUXg387vy8B5cabKf4u4vcY8cVS2EKbH4
74,QmakKr3E1miTVqmVPW26xTbgotvnHnh14rcVYHvtbSbckk
75,QmSasNLtGdyad1gEJytPGTGZYxsT2DdU82Zn5rKa7qxvYk
76,QmVWBXJvbRLGRLzJT7JB3LHFo9iCBWgaf6EwxHh23QpXq3
77,QmSdDAQHcRHkK9hGR8SciGDxm8GciNUTgYqGi4CeSWMs1d
78,QmeRYTTgeD1qpz4TzJu3KSEnznPfgY5TEtmnXpLZDtjUgE
79,QmQpYtYmyQJikFmkMWyNM9zgaE6bnPEkMNksSfoC8ACbaQ
80,Qmczea1Y3x2DKkiy4gqYTBctFA5HSEarTSZcC5uKN9ppxp
81,QmajQToWnYL397PQuRQgqeEa3yh2juvUkVZuh2pk5BMF8V
82,QmT5otH5tJKKDnNDtax4qSkTpWriJPdzYHbyuaW3EWtxxh
83,QmPfafqcD4vsmRFE5HhKJ6QfHZqaf3BZa9uZ67Y5NzvRTD
84,QmUUy2XSuSCp4r3xfgwy6d9GDkfCeEvLpQ5W3ZJ8jVkgVL
85,QmSbtoZaWNnJzjraYGKE7U7C8kwB8rsJNtMFyz8Ge9Etzm
86,QmXWpHYS4CwDJr9cGoDw4TPU6YQtGCoe7AHH2DdxnRhTZG
87,QmRCoDTCYQSALKbLvUrET9J6KXZ3U1FdCCsjZjF1D7jjY6
88,QmXMvXLWuh1QhsPdqTLMAK1Yzq2SK6DuTp6hzrkHMXa9vi
89,QmWeFSs2e5Ah4UaThnjWGCqHQvvZC6GrTGvQkhbMh1tNeW
90,QmdtHPuGYT1WF22UHAUahr37w9TbhfRRn5a5riJCXBh34v
91,QmbmEKuUCBombSwA5rDfbsWDZDewuaA9ahw4KACiY66BM8
92,QmPbrGRSvRtWkvqkPKktUkFc3zQZY6XgqX8b23QfARSdTC
93,QmYWwHncxv3LqVDnMGSyY5VcTQFx14moiEpvcHNBxAukDK
94,QmdZYdEqz8g12rsQ997icPvmqBcZk2Bu3nxC4qJjM3Nt1D
95,QmcmjKVT5TXYRaghYJ16PeQZ9wPvkFTMrBUGfH1vgm9R7t
96,QmUgfznxX1kkBwafBKBQCg5mbUvDYQnVyWcSfq1BDg7keN
97,QmWTwTDuRBwm2BTJNwheEM6Db1XVJcx1aCa3jc3A5nsvPb
98,QmQJmfaodyMErYPi6auVTwnxry2rpEr9cqiYNuCFnMYh1b
99,QmZScq439xRfNkXtxtWLTLAGQq9o6WG3tC6FCiHmLmZKU6
100,Qmb1SQKCx2EVdVdrcXNuAHobzsPoQ62ceeZfpWTJn9FZvm